{
  "42": {
    "syntax": {
      "order_accuracy": 1.0,
      "measurable_sentences": 55,
      "total_sentences": 100,
      "mode_purity": {
        "subject": 0.503125523713759,
        "verb": 0.47793068774813197,
        "object": 0.4920216756423652
      },
      "pass": true
    },
    "conversation": {
      "a_utterances": 145,
      "b_utterances": 185,
      "vector_response_overlap": 0.07683056558607337,
      "random_baseline": 0.06330254270431482,
      "ratio": 1.2137042574252939,
      "early_response": 0.08124800999618935,
      "late_response": 0.06965615787961708,
      "grounded_A": 121,
      "grounded_B": 179,
      "pass": true
    },
    "introspection": {
      "avg_intro_purity": 0.72,
      "chance_level": 0.2,
      "n_chi_classes": 5,
      "intro_commits": 40,
      "atlas_leakage": 0,
      "pass": true
    },
    "self_improvement": {
      "mean_with": 0.3375,
      "mean_without": 0.3375,
      "peak_with": 0.48333333333333334,
      "peak_without": 0.5166666666666667,
      "gamma_with_self_evo": {
        "symmetry": 0.44098036514711886,
        "consistency": 0.44098036514711886,
        "compactness": 0.5660116658649913
      },
      "gamma_pinned": 0,
      "gamma_moved_from_defaults": 3,
      "pass": true
    },
    "awareness": {
      "routine_deliberations": 127,
      "conflict_deliberations": 33,
      "actions_logged": 160,
      "actions_with_effect": 69,
      "resolution_effect_ratio": 0.43125,
      "pass": true
    }
  },
  "7": {
    "syntax": {
      "order_accuracy": 1.0,
      "measurable_sentences": 57,
      "total_sentences": 100,
      "mode_purity": {
        "subject": 0.4850105780220314,
        "verb": 0.5133155223734934,
        "object": 0.556084469293339
      },
      "pass": true
    },
    "conversation": {
      "a_utterances": 189,
      "b_utterances": 180,
      "vector_response_overlap": 0.08142507029950205,
      "random_baseline": 0.058270025024576434,
      "ratio": 1.3973748984174892,
      "early_response": 0.10690863531270053,
      "late_response": 0.06583154691420737,
      "grounded_A": 121,
      "grounded_B": 57,
      "pass": true
    },
    "introspection": {
      "avg_intro_purity": 0.7047619047619048,
      "chance_level": 0.16666666666666666,
      "n_chi_classes": 6,
      "intro_commits": 51,
      "atlas_leakage": 0,
      "pass": true
    },
    "self_improvement": {
      "mean_with": 0.43125,
      "mean_without": 0.38333333333333336,
      "peak_with": 0.7333333333333333,
      "peak_without": 0.6166666666666667,
      "gamma_with_self_evo": {
        "symmetry": 0.34389942272005625,
        "consistency": 0.34389942272005625,
        "compactness": 1.0299854648502387
      },
      "gamma_pinned": 0,
      "gamma_moved_from_defaults": 3,
      "pass": true
    },
    "awareness": {
      "routine_deliberations": 122,
      "conflict_deliberations": 35,
      "actions_logged": 156,
      "actions_with_effect": 45,
      "resolution_effect_ratio": 0.28846153846153844,
      "pass": true
    }
  },
  "99": {
    "syntax": {
      "order_accuracy": 1.0,
      "measurable_sentences": 65,
      "total_sentences": 100,
      "mode_purity": {
        "subject": 0.7502361513365957,
        "verb": 0.4894500319117871,
        "object": 0.5099400134557801
      },
      "pass": true
    },
    "conversation": {
      "a_utterances": 190,
      "b_utterances": 139,
      "vector_response_overlap": 0.05310785777067684,
      "random_baseline": 0.06948058057720732,
      "ratio": 0.7643554116774112,
      "early_response": 0.05129010833839547,
      "late_response": 0.06096068429092307,
      "grounded_A": 137,
      "grounded_B": 161,
      "pass": true
    },
    "introspection": {
      "avg_intro_purity": 0.8304512025442258,
      "chance_level": 0.2,
      "n_chi_classes": 5,
      "intro_commits": 1695,
      "atlas_leakage": 0,
      "pass": true
    },
    "self_improvement": {
      "mean_with": 0.42708333333333337,
      "mean_without": 0.5791666666666666,
      "peak_with": 0.6166666666666667,
      "peak_without": 0.7666666666666667,
      "gamma_with_self_evo": {
        "symmetry": 0.5,
        "consistency": 0.5,
        "compactness": 0.32607109935366396
      },
      "gamma_pinned": 0,
      "gamma_moved_from_defaults": 1,
      "pass": false
    },
    "awareness": {
      "routine_deliberations": 107,
      "conflict_deliberations": 26,
      "actions_logged": 133,
      "actions_with_effect": 53,
      "resolution_effect_ratio": 0.3271604938271605,
      "pass": true
    }
  },
  "23": {
    "syntax": {
      "order_accuracy": 1.0,
      "measurable_sentences": 54,
      "total_sentences": 100,
      "mode_purity": {
        "subject": 0.5744755244755244,
        "verb": 0.4691909051909052,
        "object": 0.6581284153005464
      },
      "pass": true
    },
    "conversation": {
      "a_utterances": 134,
      "b_utterances": 210,
      "vector_response_overlap": 0.07214587759560705,
      "random_baseline": 0.06182787940451288,
      "ratio": 1.1668826149379636,
      "early_response": 0.08065428175705985,
      "late_response": 0.052206947457727984,
      "grounded_A": 173,
      "grounded_B": 133,
      "pass": true
    },
    "introspection": {
      "avg_intro_purity": 1.0,
      "chance_level": 0.16666666666666666,
      "n_chi_classes": 6,
      "intro_commits": 14,
      "atlas_leakage": 0,
      "pass": true
    },
    "self_improvement": {
      "mean_with": 0.37916666666666665,
      "mean_without": 0.3666666666666667,
      "peak_with": 0.6333333333333333,
      "peak_without": 0.5,
      "gamma_with_self_evo": {
        "symmetry": 0.3113449646767514,
        "consistency": 0.3113449646767514,
        "compactness": 0.6788432054006474
      },
      "gamma_pinned": 0,
      "gamma_moved_from_defaults": 3,
      "pass": true
    },
    "awareness": {
      "routine_deliberations": 130,
      "conflict_deliberations": 40,
      "actions_logged": 170,
      "actions_with_effect": 47,
      "resolution_effect_ratio": 0.27647058823529413,
      "pass": true
    }
  },
  "156": {
    "syntax": {
      "order_accuracy": 1.0,
      "measurable_sentences": 56,
      "total_sentences": 100,
      "mode_purity": {
        "subject": 0.49827690596991897,
        "verb": 0.47564441585668005,
        "object": 0.5786506932786876
      },
      "pass": true
    },
    "conversation": {
      "a_utterances": 121,
      "b_utterances": 138,
      "vector_response_overlap": 0.05951290650378236,
      "random_baseline": 0.06416726727633122,
      "ratio": 0.9274651863775774,
      "early_response": 0.054259417547052324,
      "late_response": 0.060194959512380845,
      "grounded_A": 80,
      "grounded_B": 82,
      "pass": true
    },
    "introspection": {
      "avg_intro_purity": 0.7285714285714285,
      "chance_level": 0.2,
      "n_chi_classes": 5,
      "intro_commits": 22,
      "atlas_leakage": 0,
      "pass": true
    },
    "self_improvement": {
      "mean_with": 0.30833333333333335,
      "mean_without": 0.4041666666666667,
      "peak_with": 0.5,
      "peak_without": 0.5666666666666667,
      "gamma_with_self_evo": {
        "symmetry": 0.35464289086832834,
        "consistency": 0.35464289086832834,
        "compactness": 0.8636107856154569
      },
      "gamma_pinned": 0,
      "gamma_moved_from_defaults": 3,
      "pass": true
    },
    "awareness": {
      "routine_deliberations": 140,
      "conflict_deliberations": 40,
      "actions_logged": 180,
      "actions_with_effect": 77,
      "resolution_effect_ratio": 0.42777777777777776,
      "pass": true
    }
  },
  "311": {
    "syntax": {
      "order_accuracy": 1.0,
      "measurable_sentences": 47,
      "total_sentences": 100,
      "mode_purity": {
        "subject": 0.5962512434260835,
        "verb": 0.727810084084363,
        "object": 0.49355235173111117
      },
      "pass": true
    },
    "conversation": {
      "a_utterances": 150,