{
  "42": {
    "syntax": {
      "order_accuracy": 1.0,
      "measurable_sentences": 61,
      "total_sentences": 100,
      "mode_purity": {
        "subject": 0.5279440449751568,
        "verb": 0.44472708758423046,
        "object": 0.6145177572406426
      },
      "pass": true
    },
    "conversation": {
      "a_utterances": 169,
      "b_utterances": 207,
      "vector_response_overlap": 0.06922850437146087,
      "random_baseline": 0.06119470740312011,
      "ratio": 1.131282545652488,
      "early_response": 0.08984558590822195,
      "late_response": 0.0532412364016278,
      "grounded_A": 135,
      "grounded_B": 130,
      "pass": true
    },
    "introspection": {
      "avg_intro_purity": 0.7797619047619048,
      "chance_level": 0.16666666666666666,
      "n_chi_classes": 6,
      "intro_commits": 36,
      "atlas_leakage": 0,
      "pass": true
    },
    "self_improvement": {
      "mean_with": 0.3729166666666667,
      "mean_without": 0.36666666666666664,
      "peak_with": 0.55,
      "peak_without": 0.6166666666666667,
      "gamma_with_self_evo": {
        "symmetry": 0.3513359759375428,
        "consistency": 0.3513359759375428,
        "compactness": 0.4704833968377547
      },
      "gamma_pinned": 0,
      "gamma_moved_from_defaults": 3,
      "pass": true
    },
    "awareness": {
      "routine_deliberations": 127,
      "conflict_deliberations": 33,
      "actions_logged": 160,
      "actions_with_effect": 67,
      "resolution_effect_ratio": 0.41875,
      "pass": true
    }
  },
  "7": {
    "syntax": {
      "order_accuracy": 1.0,
      "measurable_sentences": 56,
      "total_sentences": 100,
      "mode_purity": {
        "subject": 0.43942482854113923,
        "verb": 0.5356612670195591,
        "object": 0.5584610677115421
      },
      "pass": true
    },
    "conversation": {
      "a_utterances": 164,
      "b_utterances": 158,
      "vector_response_overlap": 0.060668058383902095,
      "random_baseline": 0.06534422739820638,
      "ratio": 0.9284379171581936,
      "early_response": 0.06815130457914946,
      "late_response": 0.046915347078850374,
      "grounded_A": 196,
      "grounded_B": 100,
      "pass": true
    },
    "introspection": {
      "avg_intro_purity": 0.7142857142857143,
      "chance_level": 0.2,
      "n_chi_classes": 5,
      "intro_commits": 12,
      "atlas_leakage": 0,
      "pass": true
    },
    "self_improvement": {
      "mean_with": 0.39166666666666666,
      "mean_without": 0.36458333333333337,
      "peak_with": 0.5,
      "peak_without": 0.4666666666666667,
      "gamma_with_self_evo": {
        "symmetry": 0.3673395136432753,
        "consistency": 0.3673395136432753,
        "compactness": 0.7335222440676572
      },
      "gamma_pinned": 0,
      "gamma_moved_from_defaults": 3,
      "pass": true
    },
    "awareness": {
      "routine_deliberations": 127,
      "conflict_deliberations": 41,
      "actions_logged": 167,
      "actions_with_effect": 69,
      "resolution_effect_ratio": 0.350253807106599,
      "pass": true
    }
  },
  "99": {
    "syntax": {
      "order_accuracy": 1.0,
      "measurable_sentences": 62,
      "total_sentences": 100,
      "mode_purity": {
        "subject": 0.6704183561017196,
        "verb": 0.5569071600004031,
        "object": 0.45357515636395185
      },
      "pass": true
    },
    "conversation": {
      "a_utterances": 174,
      "b_utterances": 227,
      "vector_response_overlap": 0.06745877556422522,
      "random_baseline": 0.05842543857270222,
      "ratio": 1.1546130797166765,
      "early_response": 0.08174562293506249,
      "late_response": 0.06315553573874345,
      "grounded_A": 97,
      "grounded_B": 64,
      "pass": true
    },
    "introspection": {
      "avg_intro_purity": 0.8357314148681055,
      "chance_level": 0.2,
      "n_chi_classes": 5,
      "intro_commits": 1966,
      "atlas_leakage": 0,
      "pass": true
    },
    "self_improvement": {
      "mean_with": 0.525,
      "mean_without": 0.5854166666666667,
      "peak_with": 0.85,
      "peak_without": 0.85,
      "gamma_with_self_evo": {
        "symmetry": 0.5,
        "consistency": 0.5,
        "compactness": 0.3412711060736885
      },
      "gamma_pinned": 0,
      "gamma_moved_from_defaults": 1,
      "pass": true
    },
    "awareness": {
      "routine_deliberations": 126,
      "conflict_deliberations": 40,
      "actions_logged": 166,
      "actions_with_effect": 71,
      "resolution_effect_ratio": 0.4251497005988024,
      "pass": true
    }
  },
  "23": {
    "syntax": {
      "order_accuracy": 1.0,
      "measurable_sentences": 40,
      "total_sentences": 100,
      "mode_purity": {
        "subject": 0.47478757438189484,
        "verb": 0.46829403777085665,
        "object": 0.6762759170653907
      },
      "pass": true
    },
    "conversation": {
      "a_utterances": 212,
      "b_utterances": 181,
      "vector_response_overlap": 0.06746454884205527,
      "random_baseline": 0.06297693665073043,
      "ratio": 1.0712580260328175,
      "early_response": 0.07082758192319016,
      "late_response": 0.06253256323411766,
      "grounded_A": 109,
      "grounded_B": 62,
      "pass": true
    },
    "introspection": {
      "avg_intro_purity": 1.0,
      "chance_level": 0.2,
      "n_chi_classes": 5,
      "intro_commits": 14,
      "atlas_leakage": 0,
      "pass": true
    },
    "self_improvement": {
      "mean_with": 0.30416666666666664,
      "mean_without": 0.40208333333333335,
      "peak_with": 0.4166666666666667,
      "peak_without": 0.5,
      "gamma_with_self_evo": {
        "symmetry": 0.23452812468823883,
        "consistency": 0.23452812468823883,
        "compactness": 0.8536219594098009
      },
      "gamma_pinned": 0,
      "gamma_moved_from_defaults": 3,
      "pass": true
    },
    "awareness": {
      "routine_deliberations": 100,
      "conflict_deliberations": 32,
      "actions_logged": 132,
      "actions_with_effect": 44,
      "resolution_effect_ratio": 0.26666666666666666,
      "pass": true
    }
  },
  "156": {
    "syntax": {
      "order_accuracy": 1.0,
      "measurable_sentences": 53,
      "total_sentences": 100,
      "mode_purity": {
        "subject": 0.5436989379084968,
        "verb": 0.47171873928479113,
        "object": 0.5833649513317033
      },
      "pass": true
    },
    "conversation": {
      "a_utterances": 209,
      "b_utterances": 177,
      "vector_response_overlap": 0.0602460710579988,
      "random_baseline": 0.05940458452686147,
      "ratio": 1.0141653466283707,
      "early_response": 0.07805266627819457,
      "late_response": 0.06613911398033216,
      "grounded_A": 124,
      "grounded_B": 71,
      "pass": true
    },
    "introspection": {
      "avg_intro_purity": 0.7285714285714285,
      "chance_level": 0.2,
      "n_chi_classes": 5,
      "intro_commits": 22,
      "atlas_leakage": 0,
      "pass": true
    },
    "self_improvement": {
      "mean_with": 0.3666666666666667,
      "mean_without": 0.3875,
      "peak_with": 0.5,
      "peak_without": 0.5,
      "gamma_with_self_evo": {
        "symmetry": 0.32125324583132675,
        "consistency": 0.32125324583132675,
        "compactness": 0.8997046705682248
      },
      "gamma_pinned": 0,
      "gamma_moved_from_defaults": 3,
      "pass": true
    },
    "awareness": {
      "routine_deliberations": 116,
      "conflict_deliberations": 33,
      "actions_logged": 149,
      "actions_with_effect": 65,
      "resolution_effect_ratio": 0.436241610738255,
      "pass": true
    }
  },
  "311": {
    "syntax": {
      "order_accuracy": 1.0,
      "measurable_sentences": 51,
      "total_sentences": 100,
      "mode_purity": {
        "subject": 0.48632044597275526,
        "verb": 0.6292124542124542,
        "object": 0.608327460653042
      },
      "pass": true
    },
    "conversation": {
      "a_utterances": 230,
      "b_utterances": 220,
      "vector_response_overlap": 0.05659335962837721,